title,published,summary,source,url,gold_related
"Consumers love buy now, pay later loans. Here’s why banks and credit card companies are wary of them","Sun, 14 Sep 2025 20:31:35 GMT","Buy now, pay later loans pose a direct challenge to credit cards. Banks and financial institutions are also wary of how they affect consumers' credit profiles.",www.cnbc.com,https://www.cnbc.com/2025/09/14/heres-why-banks-credit-card-companies-are-wary-of-buy-now-pay-later-loans.html,False
"This is Google Flights' 'No. 1 advice, always' to score cheap airfare","Sat, 13 Sep 2025 11:00:01 GMT","Flexibility can often make a ""huge difference"" for travelers, one expert says. Here's why.",www.cnbc.com,https://www.cnbc.com/2025/09/13/google-flights-advice-cheap-airfare.html,False
BlackRock's Rieder the latest candidate to interview in Fed chair search,"Fri, 12 Sep 2025 22:04:34 GMT",The White House search for the next Federal Reserve chair continues to twist and turn.,www.cnbc.com,https://www.cnbc.com/2025/09/12/blackrocks-rieder-the-latest-candidate-to-interview-in-fed-chair-search.html,False
"'Bottom of the first inning.' Winklevoss twins see bitcoin reaching $1,000,000 in 10 years","Fri, 12 Sep 2025 17:01:48 GMT",The Winklevoss twins are expecting their cryptocurrency company Gemini Space Station to soon make its public debut.,www.cnbc.com,https://www.cnbc.com/2025/09/12/winklevoss-twins-see-bitcoin-reaching-1000000-in-10-years.html,False
Fintech firm Lendbuzz files for IPO,"Fri, 12 Sep 2025 13:48:00 GMT",Lendbuzz is aiming to go public amid a wave of fellow fintech companies.,www.cnbc.com,https://www.cnbc.com/2025/09/12/fintech-firm-lendbuzz-ipo.html,False
"China warns Mexico to 'think twice' before raising tariffs, threatens countermeasures","Fri, 12 Sep 2025 16:01:28 GMT","In the ongoing trade tensions with the U.S., China's countermeasures have included restrictions on exports of minerals critical to the production of cars.",www.cnbc.com,https://www.cnbc.com/2025/09/12/china-mexico-tariff-hike-countermeasures.html,False
Financial CEOs are weighing in on the state of the economy,"Thu, 11 Sep 2025 13:44:53 GMT",CEOs this week on CNBC weighed in on the health of the economy amid economic uncertainty and a Bureau of Labor Statistics report revising down job numbers.,www.cnbc.com,https://www.cnbc.com/2025/09/11/solomon-dimon-pick-ceos-economy.html,False
Klarna stock jumps 15% in NYSE debut after pricing IPO above range,"Thu, 11 Sep 2025 12:39:53 GMT","Klarna closed at $45.82 a share on Tuesday, valuing the company at over $17 billion.",www.cnbc.com,https://www.cnbc.com/2025/09/10/klarna-klar-stock-soars-after-us-ipo.html,False
Wells Fargo CEO says Trump is entitled to be vocal about the Fed,"Wed, 10 Sep 2025 16:00:30 GMT","Wells Fargo CEO Charlie Scharf said he ""absolutely"" supports the Federal Reserve's independence, but that the president is free to discuss interest rates.",www.cnbc.com,https://www.cnbc.com/2025/09/10/wells-fargo-ceo-says-trump-is-entitled-to-be-vocal-about-the-fed.html,False
Wells Fargo CEO sees 'more downside' to U.S. economy as lower-income consumers struggle,"Wed, 10 Sep 2025 13:41:09 GMT",Wells Fargo CEO Charles Scharf commented on the state of the economy the day after JPMorgan Chase CEO Jamie Dimon said jobs data shows the economy is weakening.,www.cnbc.com,https://www.cnbc.com/2025/09/10/wells-fargo-ceo-charles-scharf-sees-downside-to-us-economy.html,False
Uber partners with fintech firm Pipe to offer capital to small businesses,"Wed, 10 Sep 2025 13:55:07 GMT",Uber is partnering with fintech firm Pipe to incorporate embedded technology in the Uber Eats Manager for small businesses to access capital.,www.cnbc.com,https://www.cnbc.com/2025/09/10/uber-eats-pipe-loans-restaurants.html,False
"ACA cliff may mean 'huge premium shock' for 22 million people in 2026, expert says","Wed, 10 Sep 2025 11:00:01 GMT",Enhanced subsidies that have reduced Affordable Care Act insurance premiums since 2021 are set to expire next year unless Congress intervenes.,www.cnbc.com,https://www.cnbc.com/2025/09/10/aca-enhanced-subsidies-expire-obamacare-premiums-rise.html,False
More investors want public and private assets in their portfolio. Now there's a benchmark to track this combo,"Fri, 12 Sep 2025 18:38:27 GMT","Morningstar announced the Modern Market 100, the first framework to combine public and private equity exposure in one index.",www.cnbc.com,https://www.cnbc.com/2025/09/10/morningstar-pitchbook-index-tracks-exposure-to-public-and-private-assets.html,False
Record share of U.S. businesses divert China investments. Top choice: Southeast Asia,"Wed, 10 Sep 2025 03:35:37 GMT","Southeast Asia remained the most popular destination for redirected investments, followed by the Indian subcontinent.",www.cnbc.com,https://www.cnbc.com/2025/09/10/record-share-of-us-businesses-divert-china-investments-amcham-shanghai-.html,False
"Klarna prices IPO at $40, above online lender's expected range","Wed, 10 Sep 2025 14:13:19 GMT","Klarna priced its IPO at $40 a share, an offering that values the company at about $15 billion.",www.cnbc.com,https://www.cnbc.com/2025/09/09/klarna-prices-ipo-at-40-above-online-lenders-expected-range-.html,False
GBP/USD Weekly Forecast: Pound Sterling traders eye Fed and BoE decisions,"Mon, 15 Sep 2025 03:30:00 Z","The Pound Sterling (GBP) booked a third consecutive weekly gain against the US Dollar (USD), testing the 1.3600 barrier to reach monthly highs.",www.fxstreet.com,https://www.fxstreet.com/analysis/gbp-usd-weekly-forecast-pound-sterling-awaits-fed-boe-verdicts-for-fresh-impetus-202509121440,False
"Gold Price Forecast: XAU/USD stays volatile within range, setting off the Fed week","Mon, 15 Sep 2025 03:24:21 Z","Gold is moving back and forth in a familiar range around the $3,650 barrier, kicking off a big central bank week early Monday.",www.fxstreet.com,https://www.fxstreet.com/analysis/gold-price-forecast-xau-usd-stays-volatile-within-range-setting-off-the-fed-week-202509150324,True
Gold Weekly Forecast: Fed policy decisions to trigger next big action in XAU/USD,"Mon, 15 Sep 2025 03:15:00 Z","Gold (XAU/USD) touched a new record-high above $3,670 before entering a consolidation phase. The Federal Reserve’s (Fed) policy decisions could allow investors to decide whether XAU/USD has more room on the upside, despite technically overbought conditions.",www.fxstreet.com,https://www.fxstreet.com/analysis/gold-weekly-forecast-bulls-retain-control-after-correction-from-record-high-202509121434,True
"EUR/USD Weekly Forecast: Ladies and gentlemen, here comes the Fed","Mon, 15 Sep 2025 03:15:00 Z","The EUR/USD pair survived yet another uneventful week, hovering in the vicinity of the 1.1700 level. The pair seesawed between gains and losses, confined to familiar levels amid speculation about the upcoming Federal Reserve (Fed) monetary policy decision, scheduled to be announced on Wednesday.",www.fxstreet.com,https://www.fxstreet.com/analysis/eur-usd-weekly-forecast-here-comes-the-fed-rate-cut-202509121436,False
"Forecasting the Upcoming Week: Fed in full view, it’s Powell’s time to shine","Fri, 12 Sep 2025 18:46:05 Z","The US Dollar (USD) ended another week with small declines. The Greenback has been caught in a mild consolidation phase for the better part of five weeks, stuck in a volatile rut near 98.00.",www.fxstreet.com,https://www.fxstreet.com/analysis/forecasting-the-upcoming-week-fed-in-full-view-its-powells-time-to-shine-202509121846,False
GBP/USD Forecast: Pound Sterling stabilizes ahead of US data,"Fri, 12 Sep 2025 11:06:58 Z",GBP/USD stays under modest bearish pressure and trades at around 1.3550 after gaining about 0.3% on Thursday.,www.fxstreet.com,https://www.fxstreet.com/analysis/gbp-usd-forecast-pound-sterling-stabilizes-ahead-of-us-data-202509121106,False
EUR/USD Forecast: Euro loses bullish momentum on mixed ECB commentary,"Fri, 12 Sep 2025 09:21:37 Z",EUR/USD struggles to hold its ground and declines toward 1.1700 on Friday after posting modest gains on Thursday. The pair's near-term technical outlook points to a loss of bullish momentum as markets assess comments from European Central Bank (ECB) policymakers.,www.fxstreet.com,https://www.fxstreet.com/analysis/eur-usd-forecast-euro-loses-bullish-momentum-on-mixed-ecb-commentary-202509120921,False
AUD/USD Price Forecast: Could appreciate further amid dovish Fed-inspired USD weakness,"Fri, 12 Sep 2025 08:55:35 Z","The AUD/USD pair edges lower during the early part of the European session and for now, seems to have snapped a two-day winning streak to the highest level since November 2024 touched this Friday.",www.fxstreet.com,https://www.fxstreet.com/analysis/aud-usd-price-forecast-could-appreciate-further-amid-dovish-fed-inspired-usd-weakness-202509120855,False
"Gold Price Forecast: XAU/USD attempts another run toward record highs, will it succeed?","Fri, 12 Sep 2025 02:47:07 Z","Gold is reversing the previous decline to retest the $3,650 barrier early Friday.",www.fxstreet.com,https://www.fxstreet.com/analysis/gold-price-forecast-xau-usd-attempts-another-run-toward-record-highs-will-it-succeed-202509120247,True
EUR/USD Price Forecast: United States inflation data hints at three rate cuts in 2025,"Thu, 11 Sep 2025 19:25:48 Z","The EUR/USD pair trades near an intraday high of 1.1746, after falling to a low of 1.1660 during European trading hours. The pair saw little action throughout the first half of Thursday, as market participants were waiting for first-tier events.",www.fxstreet.com,https://www.fxstreet.com/analysis/eur-usd-price-forecast-united-states-inflation-data-hints-at-three-rate-cuts-in-2025-202509111925,False
AUD/USD Forecast: Australian Dollar reaches fresh 2025 highs after US inflation data,"Thu, 11 Sep 2025 17:58:22 Z","The Australian Dollar (AUD) was among the best performers against the US Dollar (USD) on Thursday, with the AUD/USD pair reaching the 0.6660 region for the first time since November 2024.",www.fxstreet.com,https://www.fxstreet.com/analysis/aud-usd-forecast-australian-dollar-reaches-fresh-2025-highs-after-us-inflation-data-202509111758,False
Gold Price Forecast: XAU/USD holds ground as investors await fresh clues,"Thu, 11 Sep 2025 16:45:09 Z","Gold price held within familiar levels on Thursday, hovering around $3,630 in the mid-American session. The XAU/USD pair suffered a minor intraday setback ahead of first-tier events, which were unable to spur action around the bright metal.",www.fxstreet.com,https://www.fxstreet.com/analysis/gold-price-forecast-xau-usd-holds-ground-as-investors-await-fresh-clues-202509111645,True
"EUR/USD Price Forecast: Loads of noise, little action after ECB, US CPI","Thu, 11 Sep 2025 12:54:22 Z","The EUR/USD pair traded with a soft tone throughout the first half of the day, holding below the 1.1700 mark ahead of critical first-tier events. The first one was the European Central Bank (ECB) monetary policy decision. As widely anticipated, the central bank left interest rates unchanged.",www.fxstreet.com,https://www.fxstreet.com/analysis/eur-usd-price-forecast-loads-of-noise-little-action-after-ecb-us-cpi-202509111254,False
GBP/USD Forecast: Pound Sterling closes in on key support area ahead of US CPI,"Thu, 11 Sep 2025 10:44:59 Z","After closing the day virtually unchanged on Wednesday, GBP/USD stays on the back foot early Thursday and trades in negative territory at around 1.3500. The pair faces a critical support level at 1.3470 as investors refrain from taking large positions ahead of August inflation data from the US.",www.fxstreet.com,https://www.fxstreet.com/analysis/gbp-usd-forecast-pound-sterling-closes-in-on-key-support-area-ahead-of-us-cpi-202509111044,False
USD/JPY Price Forecast: 200-day SMA holds the key for bulls; focus remains on US CPI,"Thu, 11 Sep 2025 08:54:07 Z","The USD/JPY pair attracts some buying during the early European session on Thursday and builds on this week's rebound from the 146.30 area, or the vicinity of the August monthly swing low.",www.fxstreet.com,https://www.fxstreet.com/analysis/usd-jpy-price-forecast-200-day-sma-holds-the-key-for-bulls-focus-remains-on-us-cpi-202509110854,False
Asia FX muted amid weak Chinese data; dollar steady as Fed meeting looms,2025-09-15 04:21:07,Asia FX muted amid weak Chinese data; dollar steady as Fed meeting looms,www.investing.com,https://www.investing.com/news/forex-news/asia-fx-muted-amid-weak-chinese-data-dollar-steady-as-fed-meeting-looms-4237882,False
Exclusive-US Democrats press Trump for a trade deal that curbs China's production,2025-09-15 04:18:30,Exclusive-US Democrats press Trump for a trade deal that curbs China's production,www.investing.com,https://www.investing.com/news/politics-news/exclusiveus-democrats-press-trump-for-a-trade-deal-that-curbs-chinas-production-4237874,False
Hollywood celebrates ’The Pitt’ and ’The Studio’ at TV’s Emmy Awards,2025-09-15 04:12:30,Hollywood celebrates ’The Pitt’ and ’The Studio’ at TV’s Emmy Awards,www.investing.com,https://www.investing.com/news/stock-market-news/hacks-stars-rogen-win-emmys-at-hollywoods-tv-honors-4237877,False
"China chip stocks rise as Beijing probes US over dumping, discrimination",2025-09-15 03:56:25,"China chip stocks rise as Beijing probes US over dumping, discrimination",www.investing.com,https://www.investing.com/news/stock-market-news/china-chip-stocks-rise-as-beijing-probes-us-over-dumping-discrimination-4237880,False
"China's home prices extend decline, more policy support needed",2025-09-15 03:54:25,"China's home prices extend decline, more policy support needed",www.investing.com,https://www.investing.com/news/economic-indicators/chinas-home-prices-slide-03-in-august-extending-weak-trend-4237868,False
South Korea’s top trade envoy heading to US amid stalled trade talks,2025-09-15 03:36:22,South Korea’s top trade envoy heading to US amid stalled trade talks,www.investing.com,https://www.investing.com/news/stock-market-news/south-koreas-top-trade-enovy-heading-to-us-for-followup-tariff-talks-4237870,False
ANZ’s $160 million fine for rule breaches is latest in series of missteps,2025-09-15 03:24:49,ANZ’s $160 million fine for rule breaches is latest in series of missteps,www.investing.com,https://www.investing.com/news/stock-market-news/anzs-160-million-fine-for-rule-breaches-is-latest-in-series-of-missteps-4237879,False
Sainsbury’s ends Argos sale talks with China’s JD.com,2025-09-15 03:19:08,Sainsbury’s ends Argos sale talks with China’s JD.com,www.investing.com,https://www.investing.com/news/stock-market-news/sainsburys-ends-argos-sale-talks-with-chinas-jdcom-4237878,False
"China’s economy slumps in August as consumer, export demand sags",2025-09-15 03:18:29,"China’s economy slumps in August as consumer, export demand sags",www.investing.com,https://www.investing.com/news/economy-news/chinas-august-factory-output-retail-sales-miss-expectations-4237873,False
"Asia stocks hold sharp gains; S. Korea hits new peak, China factory output misses",2025-09-15 02:57:36,"Asia stocks hold sharp gains; S. Korea hits new peak, China factory output misses",www.investing.com,https://www.investing.com/news/stock-market-news/asia-stocks-hold-sharp-gains-s-korea-hits-new-peak-china-factory-output-misses-4237876,False
